author_name	total_revenue
George Orwell	256.83000000000004
J.K. Rowling	213.88000000000002
Jane Austen	171.92000000000002
J.R.R. Tolkien	47.97
Mark Twain	26.97